<?xml version="1.0" encoding="UTF-8" standalone="yes"?>
<addon id="repository.xship" name="xShip Repository" version="1.3.1" provider-name="xShip-Team">
	<extension point="xbmc.addon.repository" name="xShip Repository">
		<dir minversion="18.9.701" maxversion="21.9.700">
            <info compressed="false">https://raw.githubusercontent.com/watchone/watchone.github.io/repo/addons.xml</info>
			<checksum verify="sha256">https://raw.githubusercontent.com/watchone/watchone.github.io/repo/addons.xml.sha256</checksum>
            <datadir zip="true">https://raw.githubusercontent.com/watchone/watchone.github.io/repo/</datadir>
        </dir>
	</extension>	
	<extension point="xbmc.addon.metadata">
		<summary lang="de_DE">xShip Repository</summary>
		<summary lang="en_GB">xShip Repository</summary>
		<description lang="de_DE">Dies ist das offizielle xShip Repository.[CR]Bei der Bereitstellung einer neuen xShip Version, wird diese vor der Veröffentlichung auf Funktionalität geprüft. Sollten dennoch Probleme auftreten, benachrichtige bitte das offizielle xShip-Team via Telegram.</description>
		<description lang="de_GB">This is the official xShip repository.[CR]When a new xShip version is released, it is tested for functionality before being released. If you still encounter problems, please notify the official xShip team via Telegram.</description>
		<disclaimer lang="de_DE">Sie können dieses Video Addon gerne verwenden. Der bereitgestellte Inhalt der Webseiten steht in keinem Bezug zu xShip oder den Entwicklern! Weitere Informationen finden Sie auf unserer Github Seite.</disclaimer>
		<disclaimer lang="en_GB">You are welcome to use this video addon. The content provided on the websites has no connection to xShip or the developers! For more information, see our Github page.</disclaimer>
		<language>de en</language>
		<platform>all</platform>
		<license>GNU GENERAL PUBLIC LICENSE Version 3, 29 June 2007</license>
		<website>https://tiny.one/xship</website>
		<source></source>
		<assets>
			<icon>resources/icon.png</icon>
			<fanart>resources/fanart.jpg</fanart>
			<banner>resources/banner.png</banner>
			<clearlogo>resources/clearlogo.png</clearlogo>
			<screenshot></screenshot>
		</assets>
	</extension>
</addon>